,cc_length,Returns%,MaxR
0,5,101.10803567358039,MR
1,7,63.85642003250467,
2,9,35.18430894339346,
3,11,31.504548880163924,
4,13,40.13557636251031,
