,mom_length,Returns%,MaxR
0,5,499.91510111824743,MR
1,7,300.6688871869921,
2,9,296.4938410362049,
3,11,220.40259031697371,
4,13,158.4575011438484,
