,stchrsi_length,Returns%,MaxR
0,9,300.7142805705732,MR
1,11,226.71393929022753,
2,13,173.78735985700575,
3,15,128.93790571460056,
4,17,114.42615175818815,
