,trix_length,Returns%,MaxR
0,13,44.49944432968081,MR
1,15,26.631554636943164,
2,17,22.192937744869425,
3,19,19.97603582731854,
4,21,21.47823218896285,
